Objective Function,X1,X2,X3,X4,X5,X6,X7,X8,X9,X10,X11,X12,X13
-14.05900257776086,0.9989054963279033,0.9976350499959011,0.9971392442036159,0.9951018452952881,0.9950261209661438,0.9975194986579143,0.9958866479104702,0.9972308677082473,0.9988224151216707,2.774422370091112,2.6311055900325564,2.732266338631902,0.9926197156770589
-14.229422041039793,0.9998574532986799,0.9986256006408516,0.9987683717517867,0.9988418980379178,0.997375039777874,0.9982689889144298,0.9986604828620042,0.9957719802225304,0.9988968136445309,2.5789766518398483,2.8769994907292373,2.8130315575508025,0.9909505798450751
-14.350304722789184,0.9999665899023903,0.9946905306104716,0.9988162577769618,0.9973113423554363,0.9961703430357314,0.999294096309154,0.9919046689821307,0.9980843281043174,0.9993980907086794,2.6835641140402156,2.871005340552548,2.871005340552548,0.9857706887424932
-13.77789352252948,0.9963646071289765,0.9970516386509731,0.9982502761571841,0.9991278196024982,0.9919496132655015,0.9945812171181685,0.996900760269558,0.9949329071846512,0.9938830015321312,2.846149690125499,2.263443383259911,2.742676702852812,0.9992758834823746
-14.429856385828481,0.9984520070145545,0.997662627235582,0.9980946475400821,0.9993381003313732,0.9930973848724568,0.9971290451926547,0.9986985018447583,0.9993749284057148,0.9987658656811663,2.7954368027367837,2.783038265256325,2.9099543499819913,0.9865646908842151
