Objective Function,X1,X2,X3,X4,X5,X6,X7,X8,X9,X10,X11,X12,X13
-13.561302781505367,0.9982240634960461,0.9949269179293208,0.9999803528826303,0.9936397355084402,0.9997776544363692,0.9995421712117646,0.9993694792859701,0.9978703236404983,0.992244109083848,2.7057204229610283,2.962845671153813,1.9717650756213132,0.9979658077157109
-11.648715083276052,0.04332210499667477,0.9926933323083778,0.9963929335616071,0.0010126213698045117,0.9857234082354992,0.9982777395649325,0.9913964821855359,0.9981454965185705,0.9999036039543447,0.34657683997339817,2.882913890779659,2.7166408349728055,0.9956579470516371
-14.686971699773654,0.998623339128798,0.9994630429694329,0.9991855335332572,0.999149012747195,0.9964975032738366,0.9955334611852801,0.9940952591248846,0.9987584548956133,0.9994447699258453,2.88241601222461,2.9010091447816535,2.9378176416824386,0.9992769555213911
-14.008979034887892,0.9997755266027349,0.9957113995846197,0.9980694144246011,0.998289337620498,0.9983271307409328,0.9987736898379924,0.9930867595921894,0.997574453784605,0.993666448968041,2.756875113256907,2.766237876486788,2.5469103275968488,0.9981733634199782
-14.305862551118388,0.9990477141382799,0.9977290998777849,0.9983452505942908,0.9985701324645438,0.9934295653531283,0.9985208949439236,0.9980043922804903,0.9920487268894058,0.9973991928657021,2.907596401636703,2.7628742589833277,2.689151394227196,0.9983225058015508
