Objective Function,X1,X2,X3,X4
-345.1532007740814,-67.13303417507052,-71.60339873566556,1884.2176178453246,0.5483035562991394
-350.3120003121603,-69.92811470560662,-69.9786272732382,1885.8220772247337,0.5499808267865582
-347.46130423573646,-68.3835428443166,-70.87676305837158,1884.9353572092346,0.5490537598861618
-343.07820813146725,-66.00888389734462,-72.2562231711687,1883.5725268444942,0.5476294345393693
-348.12249005479134,-68.74177960584382,-70.6685178525048,1885.1409968260107,0.5492687327609997
