Objective Function,X1,X2,X3,X4
17027458.59749829,844.4715925651979,963.4135382472058,-81.68121150032135,-0.4888078924449896
1383724.5487233545,866.2349018471568,818.0849280168159,12.537453355622912,-0.4542380042487922
12135333.989563206,850.5108031264092,898.7909639998682,-37.73030976528171,-0.47093983330224654
15932819.581459599,756.4376140330432,921.0839580386054,18.85522657731387,-0.4140189850306285
27149586.878197886,843.5777348374473,819.9592716561082,-0.05038956934118205,-0.4054167861330263
