Objective Function,X1,X2,X3,X4
1156.9704521913359,-81.26443547229474,-48.904179305027355,1872.5911422007994,0.5492024413564645
1156.6910348264591,-74.21660356615507,-60.70781506625565,1879.0175592269234,0.5489906858456093
1151.7281918511012,-68.86293396722544,-70.59808163332639,1885.2105460929006,0.5493414418470557
1171.9489768263752,-151.3677289261159,75.09886516827544,1803.5913407202283,0.5499557355045988
1156.110185142267,-95.36820715803356,-25.361159118158525,1860.0354455049253,0.549773460584362
