Objective Function,X1,X2,X3,X4
18130.107919391743,496.47869804146177,1074.464215741221,0.17844471047494104,-0.2983881118752027
29096.90349617001,471.94230717246927,1113.2462158976082,107.03094419505466,-0.28034977849245857
7037.771053851979,898.0870436849378,818.6918177641514,-12.587387323481742,-0.47613537518586624
34073.2087819078,373.05944273784405,1098.4529853588424,0.20487958178882526,-0.3330355787151027
13764.908910611603,817.5973554346433,940.4477860267275,-43.91935110867981,-0.462467602919777
